line,category,status,excerpt
33,meta,hardcoded,"article"
42,meta,hardcoded,"Economic Curves Simulator"
45,meta,hardcoded,"summary_large_image"
54,meta,hardcoded,"@julienreszka"
79,jsonld,hardcoded,"The Armey Curve: Government Spending vs Economic Growth"
80,jsonld,hardcoded,"Cross-country data challenges the traditional Armey Curve. Power law models fit better than quadratic theory, suggesting"
83,jsonld,hardcoded,"Julien Reszka"
88,jsonld,hardcoded,"Julien Reszka"
100,jsonld,hardcoded,"Armey Curve"
101,jsonld,hardcoded,"Government Spending"
102,jsonld,hardcoded,"Economic Growth"
103,jsonld,hardcoded,"Fiscal Policy"
112,jsonld,hardcoded,"Economic Curves Simulator"
118,jsonld,hardcoded,"The Armey Curve"
830,body-text,hardcoded,"← Back to All Curves The Armey Curve: Government Spending vs Economic Growth &#x1F4D6; ~28 min read Last updated 2026-04"
832,aria-attr,hardcoded,"Breadcrumb"
833,nav,hardcoded,"← Back to All Curves"
836,heading,hardcoded,"The Armey Curve: Government Spending vs Economic Growth"
838,aria-attr,hardcoded,"Estimated reading time at ~220 words/min"
842,nav,hardcoded,"Jump to the criterion &rarr;"
845,body-text,hardcoded,"Challenging the Armey Curve: For decades, economists have claimed there's an ""optimal"" level of government spending that"
856,aria-attr,hardcoded,"Argument in three moves"
856,body-text,hardcoded,"THE ARGUMENT IN THREE MOVES Government slows aggregate economic activity. The simulator shows the relationship is monoto"
860,nav,hardcoded,"simulator"
864,nav,hardcoded,"aim it"
866,nav,hardcoded,"Inclusive Wealth Criterion"
877,heading,hardcoded,"Interactive Armey Curve Simulator"
880,body-text,hardcoded,"Curve Model Type: Power Law (β₀ × s⁻ᵅ) Log-Linear (β₀ − α × ln(s+1)) Quadratic (Traditional Armey) Free Quadratic (Uncon"
881,label,hardcoded,"Curve Model Type:"
883,option,hardcoded,"Power Law (β₀ × s⁻ᵅ)"
884,option,hardcoded,"Log-Linear (β₀ − α × ln(s+1))"
885,option,hardcoded,"Quadratic (Traditional Armey)"
886,option,hardcoded,"Free Quadratic (Unconstrained)"
887,option,hardcoded,"Linear Decline"
888,option,hardcoded,"Inverse (1/x decline)"
889,option,hardcoded,"Exponential Decay"
900,body-text,hardcoded,"Intercept (β₀, base growth, e.g., 2): Natural growth rate without government intervention"
918,body-text,hardcoded,"Linear coefficient (β₁, positive, e.g., 0.5): Initial positive effect of government spending"
936,body-text,hardcoded,"Quadratic coefficient (β₂, negative, e.g., -0.01): Diminishing returns effect (must be negative)"
959,label,hardcoded,"Linear slope (e.g., -0.3):"
975,body-text,hardcoded,"Vertical offset a (e.g., 0): Vertical offset in the 2-parameter inverse model: growth = b/spending + a"
976,label,hardcoded,"Vertical offset a (e.g., 0):"
992,body-text,hardcoded,"Linear coeff β₁ (auto-fitted): Linear coefficient in y = β₀ + β₁·s + β₂·s² — auto-fitted, can be any sign"
993,label,hardcoded,"Linear coeff β₁ (auto-fitted):"
1005,body-text,hardcoded,"Quadratic coeff β₂ (auto-fitted): Quadratic coefficient — positive = U-shape, negative = inverted-U"
1006,label,hardcoded,"Quadratic coeff β₂ (auto-fitted):"
1019,body-text,hardcoded,"Decay rate (e.g., 0.3): Exponential decay rate: growth = intercept * e^(-decay * spending)"
1020,label,hardcoded,"Decay rate (e.g., 0.3):"
1036,body-text,hardcoded,"Exponent (α, e.g., 1.5): Power law exponent: growth = β₀ × spending^(-α). α=1 approximates inverse; higher α steepens th"
1037,label,hardcoded,"Exponent (α, e.g., 1.5):"
1053,body-text,hardcoded,"Log slope (α, e.g., 2.5): Log-linear slope: growth = β₀ − α × ln(spending+1). Steep initial drop that flattens, never go"
1054,label,hardcoded,"Log slope (α, e.g., 2.5):"
1072,body-text,hardcoded,"⚙ Auto-fit parameters"
1086,body-text,hardcoded,"Show Real Country Data: All Countries Developed Countries Developing Countries Hide Country Data Exclude resource-depend"
1087,label,hardcoded,"Show Real Country Data:"
1089,option,hardcoded,"All Countries"
1090,option,hardcoded,"Developed Countries"
1091,option,hardcoded,"Developing Countries"
1092,option,hardcoded,"Hide Country Data"
1099,label,hardcoded,"Exclude externally funded ▲"
1103,label,hardcoded,"Exclude conflict/fragile states ✕"
1107,label,hardcoded,"Exclude GDP-distorted ★"
1111,label,hardcoded,"Also exclude 1 SE model-residual outliers (exploratory)"
1141,body-text,hardcoded,"Time Period for Averaging: Recent (2018-2023) - Post-crisis stability Decade (2014-2023) - Full business cycle Long-term"
1142,label,hardcoded,"Time Period for Averaging:"
1173,body-text,hardcoded,"Minimum Years of Data per Country: 1 year (maximum coverage) 3 years (default) 5 years 7 years Countries with fewer year"
1174,label,hardcoded,"Minimum Years of Data per Country:"
1176,option,hardcoded,"1 year (maximum coverage)"
1177,option,hardcoded,"3 years (default)"
1178,option,hardcoded,"5 years"
1179,option,hardcoded,"7 years"
1185,body-text,hardcoded,"Highlight Specific Country: No country highlighted Select a country to highlight with a red dot"
1193,option,hardcoded,"No country highlighted"
1207,aria-attr,hardcoded,"Interactive Armey Curve showing relationship between government spending and economic growth"
1209,body-text,hardcoded,"Chart displaying the Armey Curve with government spending on x-axis and GDP growth rate on y-axis"
1221,body-text,hardcoded,"Model Fit Ranking # Model R² 95% CI (R²) AIC (lower = better) p-value N Coverage (±1 SE) 1 Power Law ✓ 0.4219 [0.28, 0.5"
1222,heading,hardcoded,"Model Fit Ranking"
1227,table-cell,hardcoded,"Model"
1228,table-cell,hardcoded,"R²"
1229,table-cell,hardcoded,"95% CI (R²)"
1231,table-cell,hardcoded,"p-value"
1239,table-cell,hardcoded,"Power Law ✓"
1243,table-cell,hardcoded,"&lt;0.001"
1249,table-cell,hardcoded,"Log-Linear"
1253,table-cell,hardcoded,"&lt;0.001"
1259,table-cell,hardcoded,"Free Quadratic"
1263,table-cell,hardcoded,"&lt;0.001"
1269,table-cell,hardcoded,"Inverse"
1273,table-cell,hardcoded,"&lt;0.001"
1279,table-cell,hardcoded,"Linear"
1283,table-cell,hardcoded,"&lt;0.001"
1289,table-cell,hardcoded,"Quadratic"
1293,table-cell,hardcoded,"&lt;0.001"
1299,table-cell,hardcoded,"Exponential"
1303,table-cell,hardcoded,"&lt;0.001"
1372,body-text,hardcoded,"What else explains growth beyond government spending? Greedy stepwise regression across 27 candidate variables (macro, g"
1373,heading,hardcoded,"What else explains growth beyond government spending?"
1385,table-cell,hardcoded,"Variable"
1386,table-cell,hardcoded,"Marginal R²"
1387,table-cell,hardcoded,"Cumul. R²"
1389,table-cell,hardcoded,"Slope"
1390,table-cell,hardcoded,"Interpretation"
1396,table-cell,hardcoded,"Gov. spending (power law)"
1401,table-cell,hardcoded,"Baseline"
1406,table-cell,hardcoded,"R&amp;D spending % GDP"
1410,table-cell,hardcoded,"−0.435"
1411,table-cell,hardcoded,"Negative slope: high-R&amp;D countries are mature economies growing slowly — captures a development-stage effect not ful"
1415,table-cell,hardcoded,"Military expenditure % GDP"
1420,table-cell,hardcoded,"Positive slope: may reflect defense-led investment or reverse causality (richer/faster countries can afford more militar"
1424,table-cell,hardcoded,"Capital formation % GDP"
1429,table-cell,hardcoded,"Investment rate — countries that invest more grow faster"
1433,table-cell,hardcoded,"Population growth %"
1438,table-cell,hardcoded,"More people = more total output (note: total GDP growth, not per-capita)"
1442,table-cell,hardcoded,"ToT volatility (SD of annual % changes)"
1446,table-cell,hardcoded,"−0.028"
1447,table-cell,hardcoded,"Terms-of-trade volatility (SD of annual % changes) — exogenous external shock exposure; uncorrelated with development cl"
1451,table-cell,hardcoded,"Domestic credit (private) % GDP"
1455,table-cell,hardcoded,"−0.004"
1456,table-cell,hardcoded,"Financial depth — but negative slope suggests over-financialisation drag at high levels"
1460,table-cell,hardcoded,"Tertiary enrollment %"
1465,table-cell,hardcoded,"Human capital stock — higher education feeds productivity growth"
1469,table-cell,hardcoded,"ln(GDP/cap) — convergence"
1473,table-cell,hardcoded,"−0.097"
1474,table-cell,hardcoded,"Beta-convergence: poorer countries grow faster conditional on spending"
1478,table-cell,hardcoded,"Remittances received % GDP"
1482,table-cell,hardcoded,"−0.023"
1483,table-cell,hardcoded,"Negative slope: remittances flow to slow-growing economies as a safety valve, not a growth engine"
1487,table-cell,hardcoded,"Tax revenue % GDP"
1492,table-cell,hardcoded,"Fiscal capacity signal; positive slope may capture institutional quality"
1496,table-cell,hardcoded,"FDI inflows % GDP"
1501,table-cell,hardcoded,"Foreign investment brings capital and technology transfer"
1505,table-cell,hardcoded,"Renewable energy share %"
1510,table-cell,hardcoded,"Renewable energy share — positive slope reflects energy diversification and long-run efficiency gains"
1514,table-cell,hardcoded,"Current account balance % GDP"
1519,table-cell,hardcoded,"Surplus countries save and invest more domestically"
1523,table-cell,hardcoded,"WGI Voice &amp; Accountability"
1527,table-cell,hardcoded,"−0.077"
1528,table-cell,hardcoded,"Accountability and freedom of expression correlate with durable institutions"
1532,table-cell,hardcoded,"WGI Regulatory Quality"
1537,table-cell,hardcoded,"Business-friendly regulation supports productive entry and exit"
1541,table-cell,hardcoded,"WGI Control of Corruption"
1545,table-cell,hardcoded,"−0.075"
1546,table-cell,hardcoded,"Clean institutions lower transaction costs and attract capital"
1550,table-cell,hardcoded,"Life expectancy"
1555,table-cell,hardcoded,"Healthy workers are more productive"
1559,table-cell,hardcoded,"Trade openness % GDP, Inflation %, WGI Rule of Law, WGI Govt Effectiveness, WGI Political Stability, Secondary school en"
1560,table-cell,hardcoded,"&lt;0.003 each"
1564,table-cell,hardcoded,"Dropped — no marginal gain after the above variables are controlled"
1572,body-text,hardcoded,"Stage 2: Spending + R D + Military + Capital Formation + Population Growth + Domestic Credit + Tertiary Enrollment + Ini"
1577,body-text,hardcoded,"The spending curve above predicts a growth rate for each country. The residual is how far off that prediction is (actual"
1587,body-text,hardcoded,"Scatter plot of Armey model residuals against R&D spending % GDP"
1588,aria-attr,hardcoded,"Residuals vs R&D spending scatter plot"
1591,body-text,hardcoded,"Scatter plot of Armey model residuals against military expenditure % GDP"
1592,aria-attr,hardcoded,"Residuals vs military expenditure scatter plot"
1595,body-text,hardcoded,"Scatter plot of Armey model residuals against gross capital formation % GDP"
1596,aria-attr,hardcoded,"Residuals vs gross capital formation scatter plot"
1599,body-text,hardcoded,"Scatter plot of Armey model residuals against population growth %"
1600,aria-attr,hardcoded,"Residuals vs population growth scatter plot"
1603,body-text,hardcoded,"Scatter plot of Armey model residuals against terms-of-trade volatility (SD of annual % changes)"
1604,aria-attr,hardcoded,"Residuals vs terms-of-trade volatility scatter plot"
1607,body-text,hardcoded,"Scatter plot of Armey model residuals against domestic credit to private sector % GDP"
1608,aria-attr,hardcoded,"Residuals vs domestic credit scatter plot"
1611,body-text,hardcoded,"Scatter plot of Armey model residuals against tertiary enrollment rate %"
1612,aria-attr,hardcoded,"Residuals vs tertiary enrollment scatter plot"
1615,body-text,hardcoded,"Scatter plot of Armey model residuals against log GDP per capita"
1616,aria-attr,hardcoded,"Residuals vs log GDP per capita scatter plot"
1619,body-text,hardcoded,"Stage 2 — Best combined fit (spending + R D + military + income) # Model R²(spending) Combined R² 1 Inverse ✓ 0.419 0.62"
1624,table-cell,hardcoded,"Model"
1625,table-cell,hardcoded,"R²(spending)"
1626,table-cell,hardcoded,"Combined R²"
1642,body-text,hardcoded,"⬇ Download data as CSV"
1654,body-text,hardcoded,"⬇ Download fallback-data.json"
1668,heading,hardcoded,"The Armey Curve Theory vs. Reality"
1670,body-text,hardcoded,"The theory seemed reasonable: The Armey Curve suggested an inverted U-shaped relationship between government spending an"
1679,body-text,hardcoded,"But here's the problem: When you actually look at real-world data from dozens of countries over multiple decades, the th"
1687,body-text,hardcoded,"What the data actually shows: Instead of a neat U-shaped curve with an ""optimal"" government size around 20-30% of GDP, w"
1695,heading,hardcoded,"What the Traditional Theory Claimed"
1696,body-text,hardcoded,"The Armey Curve theory proposed three distinct phases:"
1698,list-item,hardcoded,"Rising Phase (0-20%): Government spending supposedly provides essential infrastructure, legal framework, and public good"
1703,list-item,hardcoded,"Peak (20-30%): The mythical ""optimal"" government size where growth is supposedly maximized"
1707,list-item,hardcoded,"Declining Phase (30%+): Excessive spending creates inefficiencies, crowds out private investment, and reduces growth thr"
1714,heading,hardcoded,"What the Data Actually Shows"
1715,body-text,hardcoded,"There is no ""rising phase."" Countries with minimal government spending (Singapore ~17%, historically Hong Kong ~15%) con"
1723,body-text,hardcoded,"There is no clear ""optimal"" zone. The data doesn't show clustering around 20-30% spending. Instead, we see a consistent "
1729,body-text,hardcoded,"The relationship is better described by power law or inverse decline, not a quadratic curve. The data shows government s"
1742,heading,hardcoded,"The Historical Arc Confirms the Pattern"
1743,body-text,hardcoded,"The simulator window (2005–2023) captures only a narrow slice of history in which all major economies already operate ab"
1758,heading,hardcoded,"Traditional Theory vs. Empirical Reality"
1760,body-text,hardcoded,"Growth Rate = β₀ + β₁ × Government Spending + β₂ × (Government Spending)²"
1764,body-text,hardcoded,"Where β₀ represents baseline growth, β₁ captures supposed initial positive effects, and β₂ (negative) represents diminis"
1769,body-text,hardcoded,"But the data actually fits these patterns much better:"
1774,body-text,hardcoded,"Power Law: Growth Rate = β₀ × (Government Spending)⁻ᵅ Inverse Model: Growth Rate = β₀ / (Government Spending + 1) Expone"
1782,body-text,hardcoded,"The power law model achieves the highest R² of any model tested, explaining ~42% of the variation in growth rates among "
1791,nav,hardcoded,"landmark 1991 growth study"
1799,body-text,hardcoded,"The power law generalizes the inverse model (which is just power law with α=1) and captures the steep initial harm of go"
1807,heading,hardcoded,"Understanding the Intercept (β₀)"
1808,body-text,hardcoded,"The intercept represents the natural economic growth rate in the absence of government intervention. This baseline refle"
1813,list-item,hardcoded,"Entrepreneurial Innovation: Natural human creativity and problem-solving driving new products and services"
1817,list-item,hardcoded,"Voluntary Exchange: Wealth creation through mutually beneficial trade"
1821,list-item,hardcoded,"Capital Accumulation: Private savings and investment in productive assets"
1825,list-item,hardcoded,"Knowledge Spillovers: Information sharing and learning between economic actors"
1829,list-item,hardcoded,"Competition: Market pressure driving efficiency improvements"
1833,list-item,hardcoded,"Specialization: Gains from division of labor and comparative advantage"
1838,body-text,hardcoded,"Historical evidence suggests this baseline ranges from 2-4% annually in developed economies, representing the economy's "
1845,heading,hardcoded,"Real-World Policy Implications"
1846,body-text,hardcoded,"If the data is right and the traditional theory is wrong, the policy implications are dramatic:"
1851,list-item,hardcoded,"No ""Optimal Size"" to Target: There's no sweet spot to fine-tune toward - just minimize government and maximize growth"
1856,list-item,hardcoded,"Every Program Has a Cost: Each government program, no matter how well-intentioned, reduces overall economic growth"
1861,list-item,hardcoded,"Composition Matters, But Level Dominates: This data treats all spending identically — it cannot distinguish productive f"
1869,list-item,hardcoded,"The Public Goods Question: Standard economic theory identifies a narrow category of goods (defense, basic rule of law, c"
1878,list-item,hardcoded,"Government as a Selective Brake: If government spending reliably slows economic activity, the implication is not only to"
1889,list-item,hardcoded,"Maximum Reduction Strategy: The best policy is to cut government to the absolute minimum needed for basic rule of law"
1896,heading,hardcoded,"Why High-Spending Countries Struggle to Cut"
1897,body-text,hardcoded,"If smaller government means faster growth, why don't high-spending countries simply cut their way to prosperity? The pow"
1900,body-text,hardcoded,"The mathematics are exact. For the power law model $g = \beta_0 \cdot s^{-\alpha}$ (growth = scale spending −exponent ) "
1903,body-text,hardcoded,"$\Delta g \approx \alpha \cdot \beta_0 \cdot s^{-(\alpha+1)} \cdot \Delta s$"
1906,body-text,hardcoded,"In plain English: the growth boost from cutting spending equals the exponent ($\alpha$) times the baseline scale ($\beta"
1909,body-text,hardcoded,"The ratio of that gain at a low-spending country ($s_1 = 20\%$) versus a high-spending one ($s_2 = 50\%$) is:"
1912,body-text,hardcoded,"$\frac{\Delta g(s_1)}{\Delta g(s_2)} = \left(\frac{s_2}{s_1}\right)^{\alpha+1} = \left(\frac{50}{20}\right)^{\alpha+1}$"
1915,body-text,hardcoded,"In plain English: the ratio of how much a cut helps at 20% spending versus 50% spending equals $(50/20)$ raised to the p"
1918,body-text,hardcoded,"At 20% of GDP, the curve is steep. Cutting from 20% to 15% produces a meaningful jump in predicted growth. At 50% of GDP"
1921,body-text,hardcoded,"This asymmetry creates a political trap. The costs of cutting are immediate and concentrated — public sector jobs lost, "
1924,body-text,hardcoded,"Contrast that with the experience of Ireland in the 1980s–90s or Sweden in the early 1990s: both cut from high bases, bu"
1927,body-text,hardcoded,"There is also a ratchet effect : spending programmes create constituencies. Each percentage point of GDP spent builds a "
1931,body-text,hardcoded,"Predicted growth gain from a 5-point spending cut — current model data Period: 2018–2023 2014–2023 2010–2023 2005–2023 1"
1933,heading,hardcoded,"Predicted growth gain from a 5-point spending cut — current model &amp; data"
1946,body-text,hardcoded,"Country Avg. spending % 2005–2023 Avg. growth % 2005–2023 Predicted gain from −5 pp cut Greece 50.6% -0.30% +0.14 pp Fra"
1949,table-cell,hardcoded,"Country"
1952,table-cell,hardcoded,"Predicted gain from −5 pp cut"
1954,table-cell,hardcoded,"Greece"
1957,table-cell,hardcoded,"+0.14 pp"
1960,table-cell,hardcoded,"France"
1963,table-cell,hardcoded,"+0.15 pp"
1966,table-cell,hardcoded,"Palau"
1969,table-cell,hardcoded,"+0.15 pp"
1972,table-cell,hardcoded,"Austria"
1975,table-cell,hardcoded,"+0.16 pp"
1978,table-cell,hardcoded,"Slovenia"
1981,table-cell,hardcoded,"+0.17 pp"
1984,table-cell,hardcoded,"Italy"
1987,table-cell,hardcoded,"+0.18 pp"
1990,table-cell,hardcoded,"Hungary"
1993,table-cell,hardcoded,"+0.18 pp"
1996,table-cell,hardcoded,"Belgium"
1999,table-cell,hardcoded,"+0.19 pp"
2002,table-cell,hardcoded,"Portugal"
2005,table-cell,hardcoded,"+0.19 pp"
2008,table-cell,hardcoded,"Cyprus"
2011,table-cell,hardcoded,"+0.20 pp"
2014,table-cell,hardcoded,"Lesotho"
2017,table-cell,hardcoded,"+0.20 pp"
2020,table-cell,hardcoded,"San Marino"
2023,table-cell,hardcoded,"+0.20 pp"
2026,table-cell,hardcoded,"United Kingdom"
2029,table-cell,hardcoded,"+0.20 pp"
2032,table-cell,hardcoded,"Netherlands"
2035,table-cell,hardcoded,"+0.20 pp"
2038,table-cell,hardcoded,"Croatia"
2041,table-cell,hardcoded,"+0.21 pp"
2044,table-cell,hardcoded,"Slovak Republic"
2047,table-cell,hardcoded,"+0.21 pp"
2050,table-cell,hardcoded,"Ukraine"
2053,table-cell,hardcoded,"+0.21 pp"
2056,table-cell,hardcoded,"Finland"
2059,table-cell,hardcoded,"+0.22 pp"
2062,table-cell,hardcoded,"Luxembourg"
2065,table-cell,hardcoded,"+0.22 pp"
2068,table-cell,hardcoded,"Malta"
2071,table-cell,hardcoded,"+0.23 pp"
2074,table-cell,hardcoded,"Denmark"
2077,table-cell,hardcoded,"+0.23 pp"
2080,table-cell,hardcoded,"Israel"
2083,table-cell,hardcoded,"+0.24 pp"
2086,table-cell,hardcoded,"Serbia"
2089,table-cell,hardcoded,"+0.24 pp"
2092,table-cell,hardcoded,"Bosnia and Herzegovina"
2095,table-cell,hardcoded,"+0.24 pp"
2098,table-cell,hardcoded,"Poland"
2101,table-cell,hardcoded,"+0.25 pp"
2104,table-cell,hardcoded,"Estonia"
2107,table-cell,hardcoded,"+0.26 pp"
2110,table-cell,hardcoded,"Iceland"
2113,table-cell,hardcoded,"+0.26 pp"
2116,table-cell,hardcoded,"Lithuania"
2119,table-cell,hardcoded,"+0.27 pp"
2122,table-cell,hardcoded,"Czechia"
2125,table-cell,hardcoded,"+0.28 pp"
2128,table-cell,hardcoded,"Bulgaria"
2131,table-cell,hardcoded,"+0.28 pp"
2134,table-cell,hardcoded,"Romania"
2137,table-cell,hardcoded,"+0.28 pp"
2140,table-cell,hardcoded,"New Zealand"
2143,table-cell,hardcoded,"+0.29 pp"
2146,table-cell,hardcoded,"Namibia"
2149,table-cell,hardcoded,"+0.29 pp"
2152,table-cell,hardcoded,"Latvia"
2155,table-cell,hardcoded,"+0.29 pp"
2158,table-cell,hardcoded,"Spain"
2161,table-cell,hardcoded,"+0.29 pp"
2164,table-cell,hardcoded,"Sweden"
2167,table-cell,hardcoded,"+0.29 pp"
2170,table-cell,hardcoded,"Ireland"
2173,table-cell,hardcoded,"+0.30 pp"
2176,table-cell,hardcoded,"Tonga"
2179,table-cell,hardcoded,"+0.30 pp"
2182,table-cell,hardcoded,"Turkiye"
2185,table-cell,hardcoded,"+0.32 pp"
2188,table-cell,hardcoded,"South Africa"
2191,table-cell,hardcoded,"+0.32 pp"
2194,table-cell,hardcoded,"Brazil"
2197,table-cell,hardcoded,"+0.32 pp"
2200,table-cell,hardcoded,"West Bank and Gaza"
2203,table-cell,hardcoded,"+0.33 pp"
2206,table-cell,hardcoded,"Uruguay"
2209,table-cell,hardcoded,"+0.34 pp"
2212,table-cell,hardcoded,"Egypt, Arab Rep."
2215,table-cell,hardcoded,"+0.34 pp"
2218,table-cell,hardcoded,"Moldova"
2221,table-cell,hardcoded,"+0.34 pp"
2224,table-cell,hardcoded,"North Macedonia"
2227,table-cell,hardcoded,"+0.34 pp"
2230,table-cell,hardcoded,"Belarus"
2233,table-cell,hardcoded,"+0.36 pp"
2236,table-cell,hardcoded,"Colombia"
2239,table-cell,hardcoded,"+0.36 pp"
2242,table-cell,hardcoded,"Solomon Islands"
2245,table-cell,hardcoded,"+0.36 pp"
2248,table-cell,hardcoded,"Barbados"
2251,table-cell,hardcoded,"+0.37 pp"
2254,table-cell,hardcoded,"Germany"
2257,table-cell,hardcoded,"+0.37 pp"
2260,table-cell,hardcoded,"Seychelles"
2263,table-cell,hardcoded,"+0.37 pp"
2266,table-cell,hardcoded,"Samoa"
2269,table-cell,hardcoded,"+0.37 pp"
2272,table-cell,hardcoded,"Jordan"
2275,table-cell,hardcoded,"+0.38 pp"
2278,table-cell,hardcoded,"Tunisia"
2281,table-cell,hardcoded,"+0.38 pp"
2284,table-cell,hardcoded,"Russian Federation"
2287,table-cell,hardcoded,"+0.41 pp"
2290,table-cell,hardcoded,"Jamaica"
2293,table-cell,hardcoded,"+0.41 pp"
2296,table-cell,hardcoded,"Australia"
2299,table-cell,hardcoded,"+0.43 pp"
2302,table-cell,hardcoded,"Maldives"
2305,table-cell,hardcoded,"+0.43 pp"
2308,table-cell,hardcoded,"Costa Rica"
2311,table-cell,hardcoded,"+0.44 pp"
2314,table-cell,hardcoded,"Fiji"
2317,table-cell,hardcoded,"+0.44 pp"
2320,table-cell,hardcoded,"Georgia"
2323,table-cell,hardcoded,"+0.45 pp"
2326,table-cell,hardcoded,"Vanuatu"
2329,table-cell,hardcoded,"+0.45 pp"
2332,table-cell,hardcoded,"Lebanon"
2335,table-cell,hardcoded,"+0.46 pp"
2338,table-cell,hardcoded,"Kyrgyz Republic"
2341,table-cell,hardcoded,"+0.48 pp"
2344,table-cell,hardcoded,"Eswatini"
2347,table-cell,hardcoded,"+0.48 pp"
2350,table-cell,hardcoded,"Morocco"
2353,table-cell,hardcoded,"+0.49 pp"
2356,table-cell,hardcoded,"El Salvador"
2359,table-cell,hardcoded,"+0.49 pp"
2362,table-cell,hardcoded,"St. Kitts and Nevis"
2365,table-cell,hardcoded,"+0.51 pp"
2368,table-cell,hardcoded,"United States"
2371,table-cell,hardcoded,"+0.52 pp"
2374,table-cell,hardcoded,"Albania"
2377,table-cell,hardcoded,"+0.52 pp"
2380,table-cell,hardcoded,"Argentina"
2383,table-cell,hardcoded,"+0.54 pp"
2386,table-cell,hardcoded,"St. Vincent and the Grenadines"
2389,table-cell,hardcoded,"+0.55 pp"
2392,table-cell,hardcoded,"Kenya"
2395,table-cell,hardcoded,"+0.58 pp"
2398,table-cell,hardcoded,"Honduras"
2401,table-cell,hardcoded,"+0.58 pp"
2404,table-cell,hardcoded,"Korea, Rep."
2407,table-cell,hardcoded,"+0.59 pp"
2410,table-cell,hardcoded,"Armenia"
2413,table-cell,hardcoded,"+0.60 pp"
2416,table-cell,hardcoded,"Mauritius"
2419,table-cell,hardcoded,"+0.60 pp"
2422,table-cell,hardcoded,"Chile"
2425,table-cell,hardcoded,"+0.65 pp"
2428,table-cell,hardcoded,"Mozambique"
2431,table-cell,hardcoded,"+0.67 pp"
2434,table-cell,hardcoded,"Cabo Verde"
2437,table-cell,hardcoded,"+0.68 pp"
2440,table-cell,hardcoded,"Mexico"
2443,table-cell,hardcoded,"+0.68 pp"
2446,table-cell,hardcoded,"Senegal"
2449,table-cell,hardcoded,"+0.70 pp"
2452,table-cell,hardcoded,"Belize"
2455,table-cell,hardcoded,"+0.77 pp"
2458,table-cell,hardcoded,"Ghana"
2461,table-cell,hardcoded,"+0.77 pp"
2464,table-cell,hardcoded,"Peru"
2467,table-cell,hardcoded,"+0.77 pp"
2470,table-cell,hardcoded,"Bhutan"
2473,table-cell,hardcoded,"+0.80 pp"
2476,table-cell,hardcoded,"Thailand"
2479,table-cell,hardcoded,"+0.80 pp"
2482,table-cell,hardcoded,"Rwanda"
2485,table-cell,hardcoded,"+0.83 pp"
2488,table-cell,hardcoded,"Canada"
2491,table-cell,hardcoded,"+0.86 pp"
2494,table-cell,hardcoded,"Malaysia"
2497,table-cell,hardcoded,"+0.87 pp"
2500,table-cell,hardcoded,"Macao SAR, China"
2503,table-cell,hardcoded,"+0.90 pp"
2506,table-cell,hardcoded,"Japan"
2509,table-cell,hardcoded,"+0.96 pp"
2512,table-cell,hardcoded,"Burundi"
2515,table-cell,hardcoded,"+0.98 pp"
2518,table-cell,hardcoded,"Sri Lanka"
2521,table-cell,hardcoded,"+0.99 pp"
2524,table-cell,hardcoded,"St. Lucia"
2527,table-cell,hardcoded,"+0.99 pp"
2530,table-cell,hardcoded,"Bahamas, The"
2533,table-cell,hardcoded,"+1.01 pp"
2536,table-cell,hardcoded,"Switzerland"
2539,table-cell,hardcoded,"+1.01 pp"
2542,table-cell,hardcoded,"Zimbabwe"
2545,table-cell,hardcoded,"+1.07 pp"
2548,table-cell,hardcoded,"Nepal"
2551,table-cell,hardcoded,"+1.09 pp"
2554,table-cell,hardcoded,"Dominican Republic"
2557,table-cell,hardcoded,"+1.15 pp"
2560,table-cell,hardcoded,"Nicaragua"
2563,table-cell,hardcoded,"+1.20 pp"
2566,table-cell,hardcoded,"India"
2569,table-cell,hardcoded,"+1.21 pp"
2572,table-cell,hardcoded,"Tanzania"
2575,table-cell,hardcoded,"+1.31 pp"
2578,table-cell,hardcoded,"Panama"
2581,table-cell,hardcoded,"+1.33 pp"
2584,table-cell,hardcoded,"Philippines"
2587,table-cell,hardcoded,"+1.33 pp"
2590,table-cell,hardcoded,"Paraguay"
2593,table-cell,hardcoded,"+1.35 pp"
2596,table-cell,hardcoded,"Singapore"
2599,table-cell,hardcoded,"+1.39 pp"
2602,table-cell,hardcoded,"Burkina Faso"
2605,table-cell,hardcoded,"+1.39 pp"
2608,table-cell,hardcoded,"Malawi"
2611,table-cell,hardcoded,"+1.43 pp"
2614,table-cell,hardcoded,"Guinea-Bissau"
2617,table-cell,hardcoded,"+1.52 pp"
2620,table-cell,hardcoded,"Uganda"
2623,table-cell,hardcoded,"+1.64 pp"
2626,table-cell,hardcoded,"Guatemala"
2629,table-cell,hardcoded,"+1.75 pp"
2632,table-cell,hardcoded,"Cote d'Ivoire"
2635,table-cell,hardcoded,"+1.87 pp"
2638,table-cell,hardcoded,"Myanmar"
2641,table-cell,hardcoded,"+1.91 pp"
2644,table-cell,hardcoded,"Lao PDR"
2647,table-cell,hardcoded,"+1.97 pp"
2650,table-cell,hardcoded,"Togo"
2653,table-cell,hardcoded,"+1.97 pp"
2656,table-cell,hardcoded,"Cameroon"
2659,table-cell,hardcoded,"+2.05 pp"
2662,table-cell,hardcoded,"Sudan"
2665,table-cell,hardcoded,"+2.08 pp"
2668,table-cell,hardcoded,"Tajikistan"
2671,table-cell,hardcoded,"+2.39 pp"
2674,table-cell,hardcoded,"Central African Republic"
2677,table-cell,hardcoded,"+2.49 pp"
2680,table-cell,hardcoded,"Congo, Dem. Rep."
2683,table-cell,hardcoded,"+2.65 pp"
2686,table-cell,hardcoded,"Mali"
2689,table-cell,hardcoded,"+2.77 pp"
2692,table-cell,hardcoded,"Ethiopia"
2695,table-cell,hardcoded,"+3.26 pp"
2698,table-cell,hardcoded,"Cambodia"
2701,table-cell,hardcoded,"+3.51 pp"
2704,table-cell,hardcoded,"Madagascar"
2707,table-cell,hardcoded,"+3.51 pp"
2710,table-cell,hardcoded,"Bangladesh"
2713,table-cell,hardcoded,"+4.53 pp"
2719,heading,hardcoded,"The Selective Brake: What Government Is Actually Good For"
2722,body-text,hardcoded,"The data in this simulator shows that government spending reliably slows economic activity. The conventional policy resp"
2731,body-text,hardcoded,"The immediate objection is that this is not what actually happens. Most government spending is not a targeted instrument"
2748,body-text,hardcoded,"Many harmful economic activities are fast precisely because their costs are externalized. A factory grows by dumping int"
2758,body-text,hardcoded,"This is exactly where government's braking force belongs. A liability rule that makes polluters pay, a quota that limits"
2767,body-text,hardcoded,"The corollary is equally important: government should not be used to slow down productive activity. Licensing barriers t"
2783,body-text,hardcoded,"Government spending reliably slows economic activity so the right use of government is to aim that braking force at the "
2792,aria-attr,hardcoded,"Share this quote on X"
2799,heading,hardcoded,"A Single Objective Test: The Inclusive Wealth Criterion"
2800,body-text,hardcoded,"A note on the simulator above. The simulator scores spending levels by their fit to GDP growth . The criterion developed"
2812,body-text,hardcoded,"If government should brake some activities and not others, we need a non-arbitrary way to decide which. ""Things I dislik"
2822,heading,hardcoded,"The whole rule, in one 2&times;2"
2823,body-text,hardcoded,"Before the formula, the verdict it produces. Two binary questions decide every case: was consent present, and does inclu"
2828,body-text,hardcoded,"Consent (all parties agreed) Consent (third parties bear cost) $\Delta W > 0$ wealth grows Encourage / leave alone volun"
2833,table-cell,hardcoded,"Consent &check; (all parties agreed)"
2834,table-cell,hardcoded,"Consent &cross; (third parties bear cost)"
2840,table-cell,hardcoded,"Encourage / leave alone &mdash; voluntary value creation"
2841,table-cell,hardcoded,"Rare; investigate why anyone is harmed by net-positive activity"
2845,table-cell,hardcoded,"Leave alone &mdash; their loss, their choice (e.g. risky hobby)"
2846,table-cell,hardcoded,"BRAKE &mdash; the only quadrant where government has objective standing"
2851,body-text,hardcoded,"Three of the four quadrants tell government to do nothing. Only the bottom-right justifies a brake. That is a much narro"
2861,heading,hardcoded,"The formula behind the 2&times;2"
2862,body-text,hardcoded,"The cleanest formulation comes from the inclusive wealth tradition. The pedigree:"
2866,aria-attr,hardcoded,"Inclusive wealth pedigree"
2866,body-text,hardcoded,"1920 / 1960 Pigou Coase externalities consent"
2874,body-text,hardcoded,"1962 Buchanan Tullock consent as political foundation"
2881,body-text,hardcoded,"1974 / 1976 Solow Dasgupta Heal Weitzman shadow-price wealth accounting"
2888,body-text,hardcoded,"1977 Hartwick depletion / reinvestment rule"
2895,body-text,hardcoded,"2004 Arrow, Dasgupta, M ler et al. unified inclusive-wealth framework"
2902,body-text,hardcoded,"2021 Dasgupta Review authoritative restatement"
2909,body-text,hardcoded,"Sources, in order: Pigou (1920) , Coase (1960) , Buchanan Tullock (1962) , Solow (1974) , Dasgupta Heal (1974) , Weitzma"
2911,nav,hardcoded,"Pigou (1920)"
2912,nav,hardcoded,"Coase (1960)"
2913,nav,hardcoded,"Buchanan &amp; Tullock (1962)"
2914,nav,hardcoded,"Solow (1974)"
2915,nav,hardcoded,"Dasgupta &amp; Heal (1974)"
2916,nav,hardcoded,"Weitzman (1976)"
2917,nav,hardcoded,"Hartwick (1977)"
2918,nav,hardcoded,"Arrow, Dasgupta, M&auml;ler et al. (2004)"
2919,nav,hardcoded,"Dasgupta (2021)"
2925,body-text,hardcoded,"Define a country's wealth as the present value of every productive capital stock produced, human, natural, knowledge, in"
2931,body-text,hardcoded,"$$\frac{dW}{dt} = \sum_k p_k \frac{dK_k}{dt}$$"
2934,body-text,hardcoded,"In plain English: the rate at which a country's wealth grows ($dW/dt$) equals the sum, across every kind of capital $k$ "
2942,body-text,hardcoded,"Long-term growth, honestly measured, is $dW/dt > 0$ . An activity is objectively brake-worthy if and only if it reduces "
2948,body-text,hardcoded,"$$\text{Brake}(a) \iff \mathbb{E}\!\left[\sum_k p_k\,\Delta K_k^{(a)}\right] < 0$$"
2951,body-text,hardcoded,"(over parties who did not consent)"
2952,body-text,hardcoded,"In plain English: apply the brake to activity $a$ if and only if (""$\iff$"") its expected (""$\mathbb{E}$"") effect on tota"
2961,summary,hardcoded,"The same rule, in JavaScript (primary statement)"
3018,body-text,hardcoded,"This single inequality subsumes the standard candidates for ""what government should slow down"":"
3022,body-text,hardcoded,"Activity type Which $K_k$ shrinks How consent fails Negative externalities pollution, congestion, systemic risk"
3026,table-cell,hardcoded,"Activity type"
3027,table-cell,hardcoded,"Which $K_k$ shrinks"
3028,table-cell,hardcoded,"How consent fails"
3037,table-cell,hardcoded,"clean air, infrastructure, financial stability"
3038,table-cell,hardcoded,"third parties never agreed to bear the cost"
3041,table-cell,hardcoded,"Resource depletion extraction beyond regeneration"
3045,table-cell,hardcoded,"$K_{\text{natural}}$, no offsetting investment"
3046,table-cell,hardcoded,"future generations not at the table (Hartwick violated)"
3049,table-cell,hardcoded,"Rent-seeking lobbying, regulatory capture, patent trolling"
3054,table-cell,hardcoded,"captured process, not voluntary exchange"
3057,table-cell,hardcoded,"Fraud, coercion, monopoly by force"
3060,table-cell,hardcoded,"varies (institutional, produced, human)"
3061,table-cell,hardcoded,"consent absent by definition"
3064,table-cell,hardcoded,"Compulsory unfunded intergenerational transfers PAYG pensions financed by tomorrow's workers"
3069,table-cell,hardcoded,"unborn cannot negotiate the contract"
3072,table-cell,hardcoded,"Information asymmetry exploitation predatory lending, deceptive marketing"
3077,table-cell,hardcoded,"nominal consent, not informed consent"
3082,body-text,hardcoded,"Conversely, the criterion refuses to condemn activities that are merely unfashionable, inefficient, or disliked by incum"
3092,heading,hardcoded,"The decision in sequence"
3093,body-text,hardcoded,"The 2 2 collapses the verdict to two binary questions, but it omits a third that any honest framework must include: does"
3102,aria-attr,hardcoded,"Decision flowchart for whether to brake an activity"
3106,body-text,hardcoded,"Q1 Anyone affected who didn't consent?"
3113,aria-attr,hardcoded,"No: leave alone"
3113,body-text,hardcoded,"No Leave alone"
3119,body-text,hardcoded,"Yes"
3124,body-text,hardcoded,"Q2 $\sum_k p_k\,\Delta K_k$ over non-consenters (sum of price × capital-change, across all capital types)"
3132,aria-attr,hardcoded,"Greater than or equal to zero: leave alone"
3132,body-text,hardcoded,"$\geq 0$ Leave alone"
3143,body-text,hardcoded,"Q3 Brake cost (deadweight, enforcement, capture) exceeds Q2 damage?"
3150,aria-attr,hardcoded,"Yes: leave alone"
3150,body-text,hardcoded,"Yes Leave alone"
3156,body-text,hardcoded,"No"
3164,body-text,hardcoded,"Q3 is the step the section so far has implicit. It matters because many real-world activities fail Q1 and Q2 yet would s"
3172,body-text,hardcoded,"Q3 is the most qualitative of the three and worth flagging as such. Deadweight loss has a textbook estimator (Harberger "
3180,nav,hardcoded,"Stigler 1971"
3181,nav,hardcoded,"Dal B&oacute; 2006"
3189,heading,hardcoded,"Worked example: applying the test to two policies"
3190,body-text,hardcoded,"The criterion is only useful if it produces unambiguous verdicts on real cases. Two contrasting examples:"
3194,body-text,hardcoded,"A coal subsidy. $\Delta K_{\text{natural}} 0$ (cheaper electricity, short-term); $\Delta K_{\text{institutional}} (weigh"
3204,body-text,hardcoded,"A grant for basic-science research. $\Delta K_{\text{knowledge}} > 0$ (results enter the public domain with positive spi"
3213,body-text,hardcoded,"Notice what the test did not require: a vote, a moral intuition, or an opinion about energy policy. It only required tal"
3219,body-text,hardcoded,"One empirical reference point: the planet, 1992 2014. The Dasgupta Review's Headline Message 2 reports that over this pe"
3224,nav,hardcoded,"Dasgupta 2021"
3241,heading,hardcoded,"What &quot;consent&quot; actually means here"
3242,body-text,hardcoded,"Did the affected parties consent? is the criterion's most easily abused step, because for any sufficiently broad externa"
3251,list-item,hardcoded,"Genuine consent failure (Q1 = yes): the harmed party is identifiable, was not represented in the decision, and transacti"
3259,list-item,hardcoded,"Constructive consent (Q1 = no): the cost is borne under a constitutionally bounded process the party participated in (ta"
3268,list-item,hardcoded,"Rhetorical non-consent : any feeling of being taxed, regulated, or out-voted dressed up as a missing signature. The crit"
3275,body-text,hardcoded,"The Coase (1960) reading carries through: when transaction costs are low and parties are identifiable, consent can be re"
3283,heading,hardcoded,"The hard cases (where the criterion is genuinely ambiguous)"
3284,body-text,hardcoded,"An honest framework names the cases it doesn't cleanly resolve. Four worth flagging:"
3289,list-item,hardcoded,"Public-goods underprovision. Defense, basic research, contagious-disease surveillance: there is no activity to brake, on"
3297,list-item,hardcoded,"Voluntary risky behaviour with social spillovers. Smoking, motorcycling without a helmet, recreational drugs. Consent is"
3304,list-item,hardcoded,"High-variance frontier activity. Gain-of-function research, untested geoengineering, novel financial instruments. The ex"
3312,list-item,hardcoded,"Effects on the unborn. Every long-horizon decision technically lacks consent from people who don't yet exist. The criter"
3323,heading,hardcoded,"Why this is genuinely objective (within limits)"
3325,list-item,hardcoded,"Sign objectivity is robust. Even when shadow prices $p_k$ are uncertain, the direction of $\Delta W$ is often unambiguou"
3331,list-item,hardcoded,"It does not require value judgements about lifestyles. It only checks the accounting."
3335,list-item,hardcoded,"It is partially measurable. The World Bank's Changing Wealth of Nations covers ~150 countries with produced, human, natu"
3337,nav,hardcoded,"World Bank's Changing Wealth of Nations"
3343,nav,hardcoded,"UN Inclusive Wealth Report 2023"
3345,nav,hardcoded,"Adjusted Net Savings"
3350,heading,hardcoded,"Where objectivity leaks &mdash; honestly"
3352,list-item,hardcoded,"Shadow prices for institutional and natural capital are estimated, not observed. Existing accounts cover produced, human"
3358,list-item,hardcoded,"Shadow prices are partly endogenous to the policy under evaluation. $p_k$ depends on the policy environment a carbon tax"
3370,list-item,hardcoded,"The discount rate $\rho$ involves an ethical choice ( Stern 2008 vs. Nordhaus 2007 )."
3372,nav,hardcoded,"Stern 2008"
3373,nav,hardcoded,"Nordhaus 2007"
3375,list-item,hardcoded,"Consent boundaries for the unborn and the unaware require a convention."
3379,list-item,hardcoded,"The consent filter itself is a theoretical refinement, not part of any published wealth account."
3383,list-item,hardcoded,"The criterion is silent on distribution within the consenting set. Two policies with identical $\Delta W$ can have very "
3393,body-text,hardcoded,"But these are calibration disputes, not criterion disputes. Two honest analysts using inclusive wealth can disagree on m"
3404,heading,hardcoded,"The policy rule that follows"
3405,body-text,hardcoded,"Government spending should be aimed at activities where $\sum_k p_k \Delta K_k (weighted capital shrinks) for non-consen"
3412,body-text,hardcoded,"Translated into a tax base, the criterion picks out a small, specific list of things to charge for and a much larger lis"
3418,list-item,hardcoded,"Carbon, methane, particulates, congestion (classical Pigouvian)"
3419,list-item,hardcoded,"Resource extraction above the regeneration rate (severance / depletion)"
3420,list-item,hardcoded,"Land value &mdash; Henry George's tax on unearned location rent, which captures wealth without distorting production"
3421,list-item,hardcoded,"Financial leverage above systemic-risk thresholds"
3422,list-item,hardcoded,"Unfunded pension liabilities &mdash; force amortization rather than rollover"
3423,list-item,hardcoded,"Monopoly rents that rest on regulatory capture rather than productivity"
3425,body-text,hardcoded,"What it would not tax: labour income, corporate profits earned competitively, capital gains on productive investment, co"
3435,body-text,hardcoded,"This is also why the data pattern documented above (more government spending slower growth) is expected under the criter"
3447,heading,hardcoded,"What would falsify this"
3448,body-text,hardcoded,"A criterion that cannot be wrong is not a criterion. The inclusive wealth test makes a specific empirical prediction: co"
3456,body-text,hardcoded,"What would refute the criterion:"
3460,list-item,hardcoded,"If countries with depletion-style tax bases (Norway's sovereign fund, Chilean copper royalties, Singaporean land-value c"
3467,list-item,hardcoded,"If the consent filter consistently flagged activities that independent welfare measures (life expectancy, revealed-prefe"
3473,list-item,hardcoded,"If shadow-price uncertainty turned out to flip the sign of $\Delta W$ (change in total wealth) (not just its magnitude) "
3479,body-text,hardcoded,"Current evidence runs the other way the listed countries outperform on inclusive wealth per capita in the World Bank CWO"
3487,heading,hardcoded,"How the Theory Misled Policymakers"
3488,body-text,hardcoded,"The Armey Curve theory emerged in the 1980s from observations that both very small governments (lacking basic institutio"
3495,body-text,hardcoded,"But this analysis was flawed. Countries with ""very small governments"" were often failed states or developing nations wit"
3503,body-text,hardcoded,"When you compare functional governments of different sizes, the pattern is clear: smaller government = higher growth. Si"
3512,body-text,hardcoded,"The theory gave academic cover to politicians who wanted to justify expanding government by claiming they were finding t"
3518,heading,hardcoded,"Why the Quadratic Model Produces Nonsensical Results"
3519,body-text,hardcoded,"The quadratic Armey curve is fundamentally broken because it predicts impossible negative growth rates at high governmen"
3527,body-text,hardcoded,"What actually happens in high-spending countries: European countries with 35-45% government spending don't collapse into"
3534,body-text,hardcoded,"The math exposes the flaw: When you fit a quadratic curve (y = ax² + bx + c) to real data, it eventually curves downward"
3541,body-text,hardcoded,"Worse: the unconstrained free fit is U-shaped, not inverted-U. When a quadratic is fitted to the data with no constraint"
3554,heading,hardcoded,"Linear Models Are Equally Flawed"
3555,body-text,hardcoded,"The linear decline model suffers from the exact same mathematical impossibility. With a negative slope (which is require"
3565,list-item,hardcoded,"Mathematical Inevitability: A linear model with negative slope (Growth = β₀ + slope × spending) must eventually cross ze"
3570,list-item,hardcoded,"Empirical Absurdity: The model would predict that France (35% spending) should have negative GDP growth every year, whic"
3575,list-item,hardcoded,"No Asymptotic Behavior: Unlike inverse or exponential models, linear models can't capture the reality that even heavily "
3580,list-item,hardcoded,"Constant Marginal Damage: Linear models unrealistically assume that each additional percentage of government spending ca"
3587,body-text,hardcoded,"Both quadratic and linear models fail the basic empirical test: they predict economic outcomes that simply don't exist i"
3597,heading,hardcoded,"Why Power Law, Inverse, and Exponential Models Make Sense"
3599,list-item,hardcoded,"Asymptotic Approach to Zero: Both models approach (but never reach) zero growth, which matches reality where even heavil"
3604,list-item,hardcoded,"No Mathematical Artifacts: As shown above, these models avoid the impossible negative growth predictions that disqualify"
3609,list-item,hardcoded,"Diminishing Returns Without Collapse: They show government spending becomes increasingly harmful without predicting econ"
3614,list-item,hardcoded,"Empirical Fit: They actually match what we observe - stagnation, not collapse, in high-spending economies"
3620,heading,hardcoded,"But Even Exponential Decay Goes Too Far"
3621,body-text,hardcoded,"While exponential decay avoids the quadratic model's absurd negative growth predictions, it still doesn't fit the real-w"
3632,list-item,hardcoded,"European Resilience: Countries like Germany (30% spending, 0.5% growth) and France (35% spending, 0.8% growth) maintain "
3638,list-item,hardcoded,"Nordic Stability: Denmark (35% spending) and Sweden (35% spending) have sustained their welfare states for decades with "
3644,list-item,hardcoded,"Mathematical Overshooting: Exponential decay curves drop too steeply for high-spending economies, underestimating their "
3650,list-item,hardcoded,"Real-World Stagnation Pattern: What we actually observe is not accelerating decay but persistent low-growth stagnation -"
3657,heading,hardcoded,"Why the Power Law Model Is Empirically Superior"
3658,body-text,hardcoded,"The power law model (Growth = β₀ × s⁻ᵅ) achieves the highest R² of any model tested, explaining ~42% of cross-country gr"
3666,list-item,hardcoded,"Best Predictive Fit: With R² = 0.42 (on the 113-country filtered sample — excluding resource-dependent, externally-funde"
3682,list-item,hardcoded,"Harmful from the First Dollar: Government spending consistently reduces GDP growth even at low levels — with diminishing"
3688,list-item,hardcoded,"Realistic High-Spending Outcomes: Predicts that welfare states stagnate around 0.5-1.5% growth rather than collapsing, w"
3693,list-item,hardcoded,"Generalizes the Inverse Model: The inverse model is just a special case of power law with α=1. Auto-fitting reveals the "
3699,list-item,hardcoded,"Economic Intuition: Reflects how crowding-out works in practice - initial government spending displaces the most product"
3706,list-item,hardcoded,"Institutional Inertia: Accounts for why high-spending countries don't collapse immediately - existing institutions, huma"
3714,body-text,hardcoded,"This isn't a minor technical issue — it is strong evidence that the theoretical framework is misspecified. When an econo"
3727,heading,hardcoded,"Power Laws Are Everywhere in Economics"
3728,body-text,hardcoded,"The fact that a power law best describes the government spending–growth relationship shouldn't surprise us. Power laws a"
3738,heading,hardcoded,"Established Power Laws in Economics"
3740,list-item,hardcoded,"Pareto's Law of Income Distribution: Vilfredo Pareto discovered in 1896 that wealth follows a power law: the top 20% hol"
3748,list-item,hardcoded,"Zipf's Law for City Sizes: The population of the nth-largest city in a country is roughly proportional to 1/n. New York "
3755,list-item,hardcoded,"Firm Size Distribution: The distribution of company sizes (by revenue, employees, or market cap) follows a power law. A "
3762,list-item,hardcoded,"Financial Market Returns: Stock market crashes and booms follow power law tails, not the Gaussian distributions assumed "
3770,list-item,hardcoded,"Trade Gravity Models: International trade volumes between countries decay as a power law of distance: Trade ∝ (GDP₁ × GD"
3776,list-item,hardcoded,"Productivity and Innovation: The distribution of patent citations, scientific paper impact, and startup valuations all f"
3783,list-item,hardcoded,"Network Effects and Winner-Take-All Markets: Market share in platform economies (search engines, social networks, app st"
3792,heading,hardcoded,"Why Power Laws Dominate Economic Phenomena"
3793,body-text,hardcoded,"Power laws emerge in economics for the same structural reasons they appear in physics, biology, and network science:"
3798,list-item,hardcoded,"Multiplicative Processes: When growth compounds (wealth begets wealth, success begets success), the resulting distributi"
3804,list-item,hardcoded,"Preferential Attachment: In networks, nodes that already have many connections attract more. In economics, large cities "
3810,list-item,hardcoded,"Scale Invariance: Power laws have no characteristic scale — the same pattern holds whether you look at small governments"
3817,list-item,hardcoded,"Heavy Tails: Unlike exponential decay, power laws allow for extreme observations. Countries like Singapore (17% spending"
3825,body-text,hardcoded,"The bottom line: Power laws are the default functional form for economic relationships involving diminishing returns, sc"
3835,heading,hardcoded,"Data Sources"
3836,body-text,hardcoded,"The real-world country data displayed in this simulator comes from the World Bank's comprehensive database:"
3841,list-item,hardcoded,"Government Expenditure: Total government expenditure (% of GDP) - Includes all government spending on goods, services, w"
3852,list-item,hardcoded,"Economic Growth: GDP growth (annual %) - Real GDP growth rate in constant local currency"
3862,list-item,hardcoded,"Data Period: Averages calculated over user-selected time periods (2005-2023 range)"
3866,list-item,hardcoded,"Methodology: Countries included only if they have at least 3 years of data in the selected period"
3871,body-text,hardcoded,"Note: You can download the raw data directly from the World Bank's DataBank for your own analysis."
3885,heading,hardcoded,"But Does Correlation Mean Causation?"
3886,body-text,hardcoded,"The strongest objection to this analysis is reverse causality: maybe rich countries can simply afford more government sp"
3899,heading,hardcoded,"The Endogeneity Problem"
3900,body-text,hardcoded,"Cross-country correlations alone cannot prove causation. Three specific threats to causal inference exist here:"
3905,list-item,hardcoded,"Reverse Causality: Richer countries may choose larger welfare states as a luxury good — spending more because they can a"
3910,list-item,hardcoded,"Omitted Variable Bias: Demographics (aging), culture (work ethic), geography (distance from equator), and institutional "
3915,list-item,hardcoded,"Simultaneity: Growth and spending are determined jointly — recessions increase spending (automatic stabilizers) while re"
3922,heading,hardcoded,"Why the Causal Direction Still Holds"
3923,body-text,hardcoded,"Despite these valid concerns, multiple lines of evidence suggest the dominant causal arrow runs from government spending"
3929,list-item,hardcoded,"Wagner's Law Reversed: Wagner's Law (1893) predicted that as incomes rise, government share of GDP would increase. But t"
3938,list-item,hardcoded,"Time-Lagged Analysis: When researchers use initial government spending levels to predict subsequent growth ( Barro 1991 "
3941,nav,hardcoded,"Barro 1991"
3942,nav,hardcoded,"Gwartney et al. 1998"
3947,list-item,hardcoded,"Instrumental Variable Studies: Afonso Furceri (2010) and others use political and institutional instruments (electoral s"
3949,nav,hardcoded,"Afonso &amp; Furceri (2010)"
3954,list-item,hardcoded,"Cross-Country Panel Data: Bergh Henrekson (2011) surveyed the literature and found that ""an increase in total government"
3956,nav,hardcoded,"Bergh &amp; Henrekson (2011)"
3964,heading,hardcoded,"The Natural Experiments: Countries That Changed Course"
3965,body-text,hardcoded,"The most compelling evidence comes from countries that dramatically changed their spending levels, creating quasi-natura"
3971,body-text,hardcoded,"Countries That Cut Spending and Boomed: Ireland (1987–2000): Government spending fell from ~53% to ~36% of GDP. The cuts"
3972,heading,hardcoded,"Countries That Cut Spending and Boomed:"
3985,list-item,hardcoded,"Sweden (1993–2000): Following its deepest recession since the 1930s, Sweden cut total government spending from ~67% of G"
3995,list-item,hardcoded,"Canada (1994–1999): Total government spending fell from ~53% to ~42% of GDP under the Chrétien–Martin fiscal consolidati"
4004,list-item,hardcoded,"Estonia (1992–2008): Estonia entered independence in 1991 with roughly 40% government spending as a share of GDP — moder"
4014,list-item,hardcoded,"New Zealand (1984–1994): ""Rogernomics"" cut government spending from ~44% to ~37% of GDP — deregulated industries, privat"
4024,body-text,hardcoded,"Countries That Expanded Spending and Stagnated: France (1980–present): Government spending rose from ~43% to ~57% of GDP"
4025,heading,hardcoded,"Countries That Expanded Spending and Stagnated:"
4032,list-item,hardcoded,"Italy (1970–present): Spending expanded from ~30% to ~50%+ of GDP. Italy went from one of Europe's fastest-growing econo"
4038,list-item,hardcoded,"Greece (1990–2009): Spending ballooned to over 50% of GDP funded by debt. The result was a sovereign debt crisis, 25% GD"
4046,body-text,hardcoded,"What these cases establish about causation: In each instance, the spending reduction was a deliberate policy choice made"
4064,heading,hardcoded,"Remaining Limitations"
4065,body-text,hardcoded,"In the interest of intellectual honesty, this analysis has real limitations that readers should weigh:"
4070,list-item,hardcoded,"Cross-Sectional Design: The simulator uses country averages, which lose within-country time dynamics. Panel data with co"
4075,list-item,hardcoded,"Small Sample: 113 countries pass the standard quality filters (N=38 without any exclusions on an older version of the da"
4082,list-item,hardcoded,"No Controls: The model uses a single variable. A multivariate regression controlling for demographics, trade openness, a"
4087,list-item,hardcoded,"Spending Composition: Not all government spending is equal. The power law is fitted to countries in the 2005–2023 World "
4101,list-item,hardcoded,"Survivorship Bias and the Data Floor: No country in the World Bank panel has government spending below ~8% of GDP. This "
4139,body-text,hardcoded,"None of these invalidate the core finding — that government spending explains a remarkably large share of cross-country "
4150,heading,hardcoded,"The Nordic Question: Rich Despite High Spending, or Rich Before High Spending?"
4151,body-text,hardcoded,"The most common objection to the power law model is the Nordic countries. Denmark, Sweden, and Finland spend 49–53% of G"
4157,body-text,hardcoded,"It doesn't, for a reason that runs through the entire article: wealth (a stock) is not the same as growth (a flow). The "
4166,body-text,hardcoded,"Nordic growth rates vs. their spending (avg. 2005–2019): Denmark — ~51% spending, ~1.0% avg growth Finland — ~53% spendi"
4167,heading,hardcoded,"Nordic growth rates vs. their spending (avg. 2005–2019):"
4184,body-text,hardcoded,"Sweden is in fact the article's strongest case study for causation: it cut spending from 67% to ~49% of GDP between 1993"
4192,body-text,hardcoded,"Norway requires a separate caveat: roughly 15–20 percentage points of its measured ""government spending"" flows through t"
4200,body-text,hardcoded,"The correct question to ask about the Nordics is not ""why are they wealthy?"" but ""why do they grow slowly compared to th"
4207,heading,hardcoded,"Why There's Still Scatter Even Though Government Size Matters Most"
4210,body-text,hardcoded,"Even though the cross-country data consistently suggests a negative relationship between government size and growth, you"
4224,heading,hardcoded,"Key Growth Factors Beyond Government Size"
4226,heading,hardcoded,"1. Institutional Quality"
4228,list-item,hardcoded,"Rule of Law: Strong property rights and contract enforcement enable investment and innovation"
4232,list-item,hardcoded,"Regulatory Efficiency: Streamlined business regulations reduce costs and encourage entrepreneurship"
4236,list-item,hardcoded,"Government Effectiveness: Quality of public administration and policy implementation matters more than size"
4240,list-item,hardcoded,"Corruption Control: Clean governance ensures resources go to productive uses"
4245,body-text,hardcoded,"Example: Singapore (17% spending, 2.8% growth) combines efficient government with strong institutions, while some high-s"
4253,heading,hardcoded,"2. Development Stage and Catch-Up Potential"
4255,list-item,hardcoded,"Convergence Effect: Developing countries can grow faster by adopting existing technologies"
4259,list-item,hardcoded,"Productivity Gaps: Room for improvement varies dramatically across countries"
4263,list-item,hardcoded,"Infrastructure Needs: Countries with infrastructure deficits can see high returns to investment"
4268,body-text,hardcoded,"Example: Ethiopia (8.5% spending, 6.5% growth) and Rwanda (19.7% spending, 7.0% growth) benefit from catch-up growth pot"
4276,heading,hardcoded,"3. Demographics and Human Capital"
4278,list-item,hardcoded,"Age Structure: Young, working-age populations drive growth; aging populations face headwinds"
4282,list-item,hardcoded,"Education Quality: Skills matching, innovation capacity, and adaptability to change"
4286,list-item,hardcoded,"Health Outcomes: Healthy populations are more productive and innovative"
4291,body-text,hardcoded,"Example: Japan (19.7% spending, 0.2% growth) faces demographic headwinds with an aging population, while countries with "
4299,heading,hardcoded,"4. Economic Structure and Openness"
4301,list-item,hardcoded,"Trade Integration: Access to global markets and value chains"
4305,list-item,hardcoded,"Sectoral Composition: Manufacturing vs. services vs. agriculture productivity differences"
4309,list-item,hardcoded,"Export Competitiveness: Currency levels, labor costs, and specialization"
4313,list-item,hardcoded,"Foreign Investment: Technology transfer and capital inflows"
4318,body-text,hardcoded,"Example: Ireland (22.3% spending, 6.8% growth) benefits from being a hub for multinational corporations and EU market ac"
4326,heading,hardcoded,"5. Innovation and Technology"
4328,list-item,hardcoded,"R&D Investment: Both public and private research spending drives long-term growth"
4332,list-item,hardcoded,"Technology Adoption: Digital infrastructure and automation capabilities"
4336,list-item,hardcoded,"Knowledge Spillovers: Proximity to innovation centers and universities"
4340,list-item,hardcoded,"Entrepreneurial Culture: Risk-taking and business creation rates"
4346,heading,hardcoded,"6. Macroeconomic Stability"
4348,list-item,hardcoded,"Inflation Control: Price stability enables long-term planning and investment"
4352,list-item,hardcoded,"Financial Development: Access to credit and efficient capital allocation"
4356,list-item,hardcoded,"Exchange Rate Policy: Competitiveness and stability for trade"
4360,list-item,hardcoded,"Debt Sustainability: Manageable debt burdens and fiscal space"
4366,heading,hardcoded,"7. Natural Resources and Geography"
4368,list-item,hardcoded,"Resource Endowments: Can be a blessing or curse depending on management"
4372,list-item,hardcoded,"Geographic Location: Access to markets, climate, and natural advantages"
4376,list-item,hardcoded,"Energy Costs: Access to affordable energy for industry and consumers"
4381,body-text,hardcoded,"Example: Norway manages oil wealth well through sovereign wealth funds, while some resource-rich countries suffer from """
4389,heading,hardcoded,"Understanding the Outliers"
4391,body-text,hardcoded,"High Growth with Low Spending: Ethiopia (8.5% spending, 6.5% growth): Catch-up growth, infrastructure investment, young "
4392,heading,hardcoded,"High Growth with Low Spending:"
4398,list-item,hardcoded,"Bangladesh (8.1% spending, 6.4% growth): Manufacturing growth, demographic dividend, low base"
4402,list-item,hardcoded,"Singapore (17% spending, 2.8% growth): Efficient government, strategic location, high-value services. Important caveat: "
4414,list-item,hardcoded,"South Korea (c.1970–1995, ~20% spending, ~8% growth): Sustained high growth with moderate government spending, but also "
4426,list-item,hardcoded,"Taiwan (c.1965–1995, ~18% spending, ~9% growth): Similar pattern: moderate budget alongside significant state-directed i"
4439,body-text,hardcoded,"Low Growth Despite Moderate Spending: Japan (19.7% spending, 0.2% growth): Aging population, high debt, mature economy"
4440,heading,hardcoded,"Low Growth Despite Moderate Spending:"
4446,list-item,hardcoded,"Germany (30.2% spending, 0.5% growth): Energy transition costs, mature manufacturing, demographic challenges"
4450,list-item,hardcoded,"Argentina (22.7% spending, 0% growth): Macroeconomic instability, inflation, institutional weaknesses"
4457,heading,hardcoded,"Policy Implications"
4458,body-text,hardcoded,"The scatter in the data teaches us that minimizing government size is necessary and usually sufficient for growth, but o"
4474,list-item,hardcoded,"Government Reduction First: Cut spending and regulations as the primary growth strategy"
4478,list-item,hardcoded,"Let Markets Handle the Rest: Most ""other factors"" (education, infrastructure, innovation) are better provided by private"
4483,list-item,hardcoded,"Institutional Quality Means Less Government: Strong rule of law protects private property and voluntary exchange, not go"
4488,list-item,hardcoded,"Demographic and Geographic Factors Are Partial Explanations: Population aging and geography explain some cross-country v"
4491,list-item,hardcoded,"The Singapore Model (With Caveats): Small budgetary government with strong property rights consistently beats the Europe"
4503,body-text,hardcoded,"Bottom line: The countries that combine small government with strong institutions achieve the highest growth rates. In s"
4513,heading,hardcoded,"Why the Quadratic Model Persisted"
4514,body-text,hardcoded,"The traditional Armey Curve survived longer than its empirical record warrants. Part of the explanation is that it offer"
4520,list-item,hardcoded,"Politicians: An ""optimal zone"" argument rather than a demand for maximum reduction"
4524,list-item,hardcoded,"Academics: A tractable, smooth curve amenable to econometric refinement"
4528,list-item,hardcoded,"Institutions: A framework compatible with incremental adjustment rather than structural overhaul"
4532,list-item,hardcoded,"Voters: A story where both spending and growth could coexist at the right level"
4537,body-text,hardcoded,"The data is consistent with the crowding-out hypothesis: each additional dollar of government spending displaces private"
4546,heading,hardcoded,"The Political Economy of Model Selection"
4547,body-text,hardcoded,"One reason the power law model has not entered mainstream policy discourse may be that its implications are more uncomfo"
4557,heading,hardcoded,"What Makes the Power Law Politically Awkward"
4558,body-text,hardcoded,"The quadratic model offers politicians a navigable message: find the sweet spot, fine-tune from there. The power law off"
4566,list-item,hardcoded,"No ""Optimal"" Compromise: The quadratic model permits arguments about balance and calibration; the power law does not"
4571,list-item,hardcoded,"Challenges Technocratic Framing: If aggregate spending is monotonically harmful, the policy question shifts from ""how mu"
4576,list-item,hardcoded,"Difficult to Campaign On: Electoral systems tend to reward promises of new services; a model that treats all spending as"
4581,list-item,hardcoded,"Institutional Friction: Large portions of the research and policy apparatus are embedded in, or funded by, government — "
4589,heading,hardcoded,"Why the Quadratic Model Remained Useful"
4590,body-text,hardcoded,"The traditional Armey Curve remained in circulation not necessarily because researchers found it more convincing, but be"
4597,body-text,hardcoded,"Properties that sustained the quadratic model: Descriptive flexibility: Spending levels of 30–45% of GDP, common across "
4598,heading,hardcoded,"Properties that sustained the quadratic model:"
4605,list-item,hardcoded,"Supports incremental policy: Small adjustments in either direction could be justified within the framework"
4609,list-item,hardcoded,"Theoretically grounded: The inverted-U shape has a plausible story for both phases, even if the data doesn't clearly sup"
4614,list-item,hardcoded,"Bipartisan legibility: Both fiscal conservatives and expansionists could use it without conceding the other's core premi"
4622,heading,hardcoded,"Institutional Inertia and Paradigm Change"
4623,body-text,hardcoded,"This pattern is not unique to the Armey Curve. Economic paradigms tend to persist until the empirical anomalies they acc"
4631,list-item,hardcoded,"Fiscal stress: Debt trajectories in high-spending economies force reconsideration of what government spending actually b"
4636,list-item,hardcoded,"Cross-country divergence: If low-spending economies continue to outperform, the policy relevance of the pattern becomes "
4641,list-item,hardcoded,"Private substitutes: Technology-driven alternatives to public services gradually shifting the perceived necessity of gov"
4646,list-item,hardcoded,"Independent replication: Researchers outside the main academic-policy pipeline re-examining the data and arriving at sim"
4653,heading,hardcoded,"The Opportunity Cost of Model Choice"
4654,body-text,hardcoded,"If the power law model describes the data better, then policies calibrated to a quadratic framework have likely underdel"
4662,body-text,hardcoded,"This matters beyond academic model comparison. Small systematic underestimates of government spending's growth cost add "
4671,body-text,hardcoded,"There is also a pro-growth case for the political viability of the power law model: countries that reduce spending and a"
4685,heading,hardcoded,"Frequently Asked Questions"
4686,body-text,hardcoded,"What is the Armey Curve? The Armey Curve is a theoretical relationship between government spending as a share of GDP and"
4881,heading,hardcoded,"Cite This Page"
4882,body-text,hardcoded,"If you reference this analysis or simulator, please cite: APA Reszka, J. (2024). The Armey Curve: Government Spending vs"
4883,body-text,hardcoded,"If you reference this analysis or simulator, please cite:"
4884,heading,hardcoded,"APA"
4886,button,hardcoded,"Copy APA"
4888,heading,hardcoded,"BibTeX"
4896,button,hardcoded,"Copy BibTeX"
4901,body-text,hardcoded,"Barro, R. J. (1991). ""Economic Growth in a Cross Section of Countries."" Quarterly Journal of Economics , 106(2), 407–443"
4906,nav,hardcoded,"doi:10.2307/2937860"
4908,list-item,hardcoded,"Gwartney, J., Lawson, R., & Holcombe, R. (1998). ""The Size and Functions of Government and Economic Growth."" Joint Econo"
4912,nav,hardcoded,"[PDF]"
4914,list-item,hardcoded,"Afonso, A. & Furceri, D. (2010). ""Government Size, Composition, Volatility and Economic Growth."" European Journal of Pol"
4918,nav,hardcoded,"doi:10.1016/j.ejpoleco.2010.07.001"
4920,list-item,hardcoded,"Bergh, A. & Henrekson, M. (2011). ""Government Size and Growth: A Survey and Interpretation of the Evidence."" Journal of "
4924,nav,hardcoded,"doi:10.1111/j.1467-6419.2011.00697.x"
4926,list-item,hardcoded,"Scully, G. W. (1994). ""What Is the Optimal Size of Government in the United States?"" National Center for Policy Analysis"
4932,list-item,hardcoded,"Armey, D. (1995). The Freedom Revolution . Washington, DC: Regnery Publishing."
4936,list-item,hardcoded,"Mandelbrot, B. (1963). ""The Variation of Certain Speculative Prices."" The Journal of Business , 36(4), 394–419. doi:10.1"
4939,nav,hardcoded,"doi:10.1086/294632"
4941,list-item,hardcoded,"Gabaix, X. (2009). ""Power Laws in Economics and Finance."" Annual Review of Economics , 1, 255–294. doi:10.1146/annurev.e"
4944,nav,hardcoded,"doi:10.1146/annurev.economics.050708.142940"
4946,list-item,hardcoded,"Wagner, A. (1893). Grundlegung der politischen Ökonomie . 3rd edition. Leipzig."
4958,heading,hardcoded,"Embed This Simulator"
4959,body-text,hardcoded,"You can embed the interactive chart on your site. Copy the snippet below: iframe src=""https://julienreszka.github.io/eco"
4960,body-text,hardcoded,"You can embed the interactive chart on your site. Copy the snippet below:"
4967,aria-attr,hardcoded,"Armey Curve: Government Spending vs Economic Growth"
4970,button,hardcoded,"Copy Embed Code"
4976,heading,hardcoded,"The Right to Economic Growth"
4978,body-text,hardcoded,"Fundamental Economic Right: Every individual has the natural right to participate in an economy that maximizes wealth cr"
4988,body-text,hardcoded,"Negative Right: Freedom from government interference that demonstrably reduces economic growth through excessive spendin"
4999,heading,hardcoded,"Empirical Foundation"
5000,body-text,hardcoded,"The Data-Driven Case: This right is grounded in a consistent cross-country pattern: the power law model fitted to 113 co"
5012,list-item,hardcoded,"Singapore (17% spending, 2.8% growth): Demonstrates how lean budgetary government enables sustained high performance (th"
5018,list-item,hardcoded,"European Stagnation (35%+ spending, 0.5-1.5% growth): Shows the real cost of large government to human prosperity"
5024,list-item,hardcoded,"Opportunity Cost: Every percentage point of additional government spending represents trillions in lost wealth over deca"
5032,heading,hardcoded,"Essential Institutional Protections"
5033,body-text,hardcoded,"Constitutional and Legal Frameworks: Constitutional Spending Caps: Hard limits on government expenditure as percentage o"
5034,heading,hardcoded,"Constitutional and Legal Frameworks:"
5044,list-item,hardcoded,"Fiscal Golden Rule: Constitutional requirement that government budgets be balanced over economic cycles, preventing debt"
5050,list-item,hardcoded,"Tax Competition Guarantees: Legal frameworks preventing tax harmonization and ensuring jurisdictional competition, allow"
5056,list-item,hardcoded,"Regulatory Moratorium: Default presumption against new regulations with mandatory sunset clauses and periodic review req"
5064,heading,hardcoded,"Market-Preserving Institutions:"
5066,list-item,hardcoded,"Independent Central Banking: Monetary policy insulated from political pressure, with strict price stability mandates pre"
5072,list-item,hardcoded,"Regulatory Impact Assessment: Mandatory cost-benefit analysis with independent review for any policy affecting economic "
5078,list-item,hardcoded,"Property Rights Protection: Strong legal frameworks protecting intellectual property, physical assets, and contractual a"
5084,list-item,hardcoded,"Free Trade Guarantees: Constitutional protection for international commerce and prevention of protectionist policies tha"
5091,heading,hardcoded,"Transparency and Accountability Mechanisms:"
5093,list-item,hardcoded,"Growth Impact Reports: Annual public assessment of how government policies have affected economic growth compared to pot"
5099,list-item,hardcoded,"Bureaucratic Cost Accounting: Full transparency on the economic cost of every government program, including opportunity "
5104,list-item,hardcoded,"International Benchmarking: Regular comparison with minimal-government jurisdictions to demonstrate the cost of domestic"
5109,list-item,hardcoded,"Citizen Standing: Legal standing for taxpayers to challenge growth-reducing policies in court with expedited review proc"
5117,heading,hardcoded,"Current Threats to Economic Growth Rights"
5118,body-text,hardcoded,"Systemic Institutional Threats: Fiscal Illusion: Political systems that hide the true cost of government spending throug"
5119,heading,hardcoded,"Systemic Institutional Threats:"
5127,list-item,hardcoded,"Regulatory Capture: Agencies serving incumbent business interests rather than economic efficiency, creating barriers to "
5133,list-item,hardcoded,"Electoral Short-Termism: Democratic systems that incentivize politicians to promise immediate benefits funded by future "
5142,heading,hardcoded,"Direct Growth-Destroying Policies:"
5144,list-item,hardcoded,"Debt Monetization: Central bank financing of government deficits creating inflationary pressure that distorts investment"
5149,list-item,hardcoded,"High Aggregate Tax Burden: Total tax extraction that removes resources from private allocation — regardless of structure"
5156,list-item,hardcoded,"Regulatory Compliance Burden: Complex, overlapping regulations that impose massive compliance costs on businesses, diver"
5162,list-item,hardcoded,"Unfunded Mandates: Government requirements that impose costs on private actors without compensation, effectively confisc"
5167,list-item,hardcoded,"Procyclical Fiscal Policy: Government spending that amplifies rather than smooths business cycles, creating artificial b"
5172,list-item,hardcoded,"Politically-Directed Capital Allocation: Spending driven by electoral and lobbying incentives rather than economic retur"
5181,heading,hardcoded,"Protecting Growth Rights in Practice"
5182,body-text,hardcoded,"Individual Action: Citizens can protect their growth rights by supporting minimal-government candidates, relocating to l"
5189,body-text,hardcoded,"Collective Action: Constitutional conventions, ballot initiatives for spending limits, legal challenges to growth-reduci"
5195,body-text,hardcoded,"The Ultimate Goal: A political and economic system that maximizes wealth creation by minimizing government interference,"
5216,js-string,hardcoded,"Link to this section"
5243,js-string,hardcoded,"Live API data is not loaded. Reload the page with internet access so data is fetched from the World Bank API first."
5274,js-string,hardcoded,"No ranking data available yet."
5285,js-string,hardcoded,"Power Law"
5286,js-string,hardcoded,"Free Quadratic"
5329,js-string,hardcoded,"No country data is loaded yet. Wait for data to finish loading or select a country group."
5334,js-string,hardcoded,"Income Group"
5338,js-string,hardcoded,"Externally Funded"
5365,js-string,hardcoded,"Government spending reliably slows economic activity — so the right use of government is to aim that braking force at th"
5593,js-string,hardcoded,"Using embedded fallback data"
5649,js-string,hardcoded,"Using embedded fallback data"
5942,js-string,hardcoded,"Bahamas, The"
6228,js-string,hardcoded,"Developed Countries"
6252,js-string,hardcoded,"Developing Countries"
6502,js-string,hardcoded,"s no optimal point - it"
6609,js-string,hardcoded,"This is where government spending maximizes economic growth while minimizing inefficiency."
6612,js-string,hardcoded,"Linear model: Growth increases continuously with spending."
6614,js-string,hardcoded,"Linear model: Growth decreases continuously with spending."
6615,js-string,hardcoded,"Linear model: Growth is constant regardless of spending."
6617,js-string,hardcoded,"Inverse model: Growth declines rapidly at first, then levels off - minimal government is optimal."
6619,js-string,hardcoded,"Power law: Growth declines steeply at low spending, then gradually flattens - minimal government is optimal."
6622,js-string,hardcoded,"Exponential decay: Government spending causes exponential decline in growth - zero spending is optimal."
6786,js-string,hardcoded,"Power Law"
6792,js-string,hardcoded,"Free Quadratic"
6811,js-string,hardcoded,"Power Law"
6814,js-string,hardcoded,"Free Quadratic"
6895,js-string,hardcoded,"Power Law"
7112,js-string,hardcoded,"OLS fit"
7118,js-string,hardcoded,"OLS fit"
7124,js-string,hardcoded,"OLS line"
7340,js-string,hardcoded,"Power Law"
7341,js-string,hardcoded,"Free Quadratic"
7612,js-string,hardcoded,"Load country data first (wait for data to finish loading)."
7814,js-string,hardcoded,"Loading data from World Bank API..."
129,jsonld,managed,"What is the Armey Curve?"
132,jsonld,managed,"The Armey Curve is a theoretical relationship between government spending as a percentage of GDP and economic growth. It"
137,jsonld,managed,"Does more government spending reduce economic growth?"
140,jsonld,managed,"Cross-country data from the World Bank consistently shows a negative correlation between government spending as a share "
145,jsonld,managed,"What is the optimal size of government?"
148,jsonld,managed,"The data does not support a precise optimal size. Unlike the quadratic Armey Curve which implies a sweet spot around 20–"
153,jsonld,managed,"What should government actually be used for?"
156,jsonld,managed,"If government spending reliably slows economic activity, its most defensible use is as a selective brake on harmful acti"
161,jsonld,managed,"But aren't the Nordic countries rich with big governments?"
164,jsonld,managed,"The Nordic countries are wealthy but their growth rates are not high — Denmark averaged ~1.0% and Finland ~0.9% GDP grow"
169,jsonld,managed,"Why don't economists promote the power law model?"
172,jsonld,managed,"A public-choice dynamic is likely at work: when governments fund most economic research and policy positions, institutio"
177,jsonld,managed,"Does the data contradict the East Asian growth model?"
180,jsonld,managed,"Not necessarily. South Korea and Taiwan achieved 7–9% growth with moderate spending (~18–20% GDP) alongside significant "
185,jsonld,managed,"What does pre-WWII history show about government spending and growth?"
188,jsonld,managed,"Before World War II, Western European governments spent roughly 10–15% of GDP and annual per-capita growth ran at ~2–3% "
193,jsonld,managed,"What about failed states and countries with very low government spending?"
196,jsonld,managed,"No country in the World Bank panel has government spending below ~8% of GDP. Territories with near-zero formal governmen"
201,jsonld,managed,"If government spending always slows growth, what should government actually do?"
204,jsonld,managed,"The empirical curve answers 'how much' but not 'on what'. The article proposes a two-condition rule: government should b"
209,jsonld,managed,"Why use inclusive wealth rather than GDP as the criterion for intervention?"
212,jsonld,managed,"GDP can be inflated by the very pathologies a brake should target. Extracting an oil field boosts GDP while depleting na"
217,jsonld,managed,"What does the 2×2 quadrant diagram show?"
220,jsonld,managed,"Two binary questions — did all affected parties consent? does inclusive wealth grow or shrink? — produce four quadrants."
225,jsonld,managed,"Does the criterion add a third condition beyond wealth and consent?"
228,jsonld,managed,"Yes. Even when both conditions are met — wealth shrinks, consent absent — government should still refrain if the brake i"
4689,summary,managed,"What is the Armey Curve?"
4700,summary,managed,"Does more government spending reduce economic growth?"
4701,body-text,managed,"Cross-country World Bank data consistently shows a negative correlation between government spending as a share of GDP an"
4715,summary,managed,"What is the optimal size of government?"
4716,body-text,managed,"The data does not support a precise optimal size. Unlike the quadratic Armey Curve which implies a sweet spot, power law"
4726,summary,managed,"What should government actually be used for?"
4727,body-text,managed,"If government spending reliably slows economic activity, its most defensible use is as a selective brake on harmful acti"
4738,summary,managed,"But aren't the Nordic countries rich with big governments?"
4739,body-text,managed,"Yes but their growth rates are not high. Denmark averaged ~1.0% and Finland ~0.9% GDP growth in the 2005 2019 period: ex"
4753,summary,managed,"Why don't economists promote the power law model?"
4754,body-text,managed,"A public-choice dynamic is likely at work: when governments fund most economic research and policy positions, institutio"
4765,summary,managed,"Does the data contradict the East Asian growth model?"
4766,body-text,managed,"Not necessarily. South Korea and Taiwan achieved 7 9% growth with moderate spending (~18 20% GDP) alongside significant "
4777,summary,managed,"What does pre-WWII history show about government spending and growth?"
4778,body-text,managed,"Before World War II, Western European governments spent roughly 10 15% of GDP and annual per-capita growth ran at ~2 3% "
4792,summary,managed,"What about failed states and countries with very low government spending?"
4793,body-text,managed,"No country in the World Bank panel has government spending below ~8% of GDP. This floor is not random: territories with "
4813,summary,managed,"If government spending always slows growth, what should government actually do?"
4814,body-text,managed,"The empirical curve answers how much but not on what . The article proposes a two-condition rule: government should brak"
4829,summary,managed,"Why use inclusive wealth rather than GDP as the criterion for intervention?"
4830,body-text,managed,"GDP can be inflated by the very pathologies a brake should target. Extracting an oil field boosts GDP while depleting na"
4838,nav,managed,"Dasgupta Review (2021)"
4840,nav,managed,"Arrow, Dasgupta &amp; M&auml;ler (2004)"
4845,summary,managed,"What does the 2×2 quadrant diagram show?"
4846,body-text,managed,"Two binary questions did all affected parties consent? does inclusive wealth grow or shrink? produce four quadrants. Thr"
4861,summary,managed,"Does the criterion add a third condition beyond wealth and consent?"
4862,body-text,managed,"Yes. Even when both conditions are met wealth shrinks, consent absent government should still refrain if the brake itsel"
